3Letter,Name,Alternatives
 =,Abkhazia,Republic of Abkhazia	Respublika Abkhaziya
AFG,Afghanistan,Islamic Republic of Afghanistan
ALB,Albania,Republic of Albania
DZA,Algeria,People's Democratic Republic of Algeria
AND,Andorra,Principality of Andorra
AGO,Angola,Republic of Angola
ATG,Antigua and Barbuda,Antigua and Barbuda
ARG,Argentina,Argentine Republic	Argentine
ARM,Armenia,Republic of Armenia
AUS,Australia,Commonwealth of Australia
AUT,Austria,Republic of Austria	Österreich
AZE,Azerbaijan,Republic of Azerbaijan
BHS,The Bahamas,Commonwealth of The Bahamas	Bahamas
BHR,Bahrain,Kingdom of Bahrain
BGD,Bangladesh,People's Republic of Bangladesh
BRB,Barbados,Barbados
BLR,Belarus,Republic of Belarus
BEL,Belgium,Kingdom of Belgium	Belgique	Belgien
BLZ,Belize,Belize
BEN,Benin,Republic of Benin
BTN,Bhutan,Kingdom of Bhutan
BOL,Bolivia,Plurinational State of Bolivia
BIH,Bosnia and Herzegovina,Bosnia and Herzegovina	Republic of Bosnia and Herzegovina
BWA,Botswana,Republic of Botswana
BRA,Brazil,Federative Republic of Brazil
BRN,Brunei,Nation of Brunei
BGR,Bulgaria,Republic of Bulgaria
BFA,Burkina Faso,Burkina Faso
BDI,Burundi,Republic of Burundi
KHM,Cambodia,Kingdom of Cambodia
CMR,Cameroon,Republic of Cameroon	Kamerun
CAN,Canada,Canada
CPV,Cape Verde,Republic of Cabo Verde
CAF,Central African Republic,Central African Republic
TCD,Chad,Republic of Chad
CHL,Chile,Republic of Chile	Chili
CHN,China,People's Republic of China	PRC
COL,Colombia,Republic of Colombia
COM,Comoros,Union of the Comoros
COG,Congo,Republic of the Congo
CRI,Costa Rica,Republic of Costa Rica
CIV,Côte d'Ivoire,Republic of Côte d'Ivoire	Ivory Coast
HRV,Croatia,Republic of Croatia	Hrvatska
CUB,Cuba,Republic of Cuba
CYP,Cyprus,Republic of Cyprus
CZE,Czech Republic,Czech Republic	Czechia
DNK,Denmark,Kingdom of Denmark	Danmark
COD,Democratic Republic of Congo,Democratic Republic of the Congo	Zaire
DJI,Djibouti,Republic of Djibouti
DMA,Dominica,Commonwealth of Dominica
DOM,Dominican Republic,Dominican Republic
TLS,East Timor,Democratic Republic of Timor-Leste
ECU,Ecuador,Republic of Ecuador
EGY,Egypt,Arab Republic of Egypt
SLV,El Salvador,Republic of El Salvador
GNQ,Equatorial Guinea,Republic of Equatorial Guinea
ERI,Eritrea,State of Eritrea
EST,Estonia,Republic of Estonia	Esthonia	Eesti	Viro
SWZ,Eswatini,Kingdom of Eswatini	Swaziland
ETH,Ethiopia,Federal Democratic Republic of Ethiopia
FJI,Fiji,Republic of Fiji
FIN,Finland,Republic of Finland	Suomi
FRA,France,French Republic	République Française
GAB,Gabon,Gabonese Republic
GMB,Gambia,Republic of The Gambia
GEO,Georgia,Georgia
DEU,Germany,Federal Republic of Germany	Bundesrepublik Deutschland	Deutschland	BRD	FRG
GHA,Ghana,Republic of Ghana
GRC,Greece,Hellenic Republic
GRD,Grenada,Grenada
GNB,Guinea-Bissau,Republic of Guinea-Bissau
GTM,Guatemala,Republic of Guatemala
GIN,Guinea,Republic of Guinea
GUY,Guyana,Co‑operative Republic of Guyana
HTI,Haiti,Republic of Haiti
HND,Honduras,Republic of Honduras
HUN,Hungary,Hungary	Republic of Hungary	Hungaria
ISL,Iceland,Republic of Iceland
IND,India,Republic of India
IDN,Indonesia,Republic of Indonesia
IRN,Iran,Islamic Republic of Iran
IRQ,Iraq,Republic of Iraq
IRL,Ireland,Ireland	Eire	Republic of Ireland
ISR,Israel,State of Israel
ITA,Italy,Italian Republic
JAM,Jamaica,Jamaica
JPN,Japan,Nippon
JOR,Jordan,Hashemite Kingdom of Jordan
HKJ KAZ,Kazakhstan,Republic of Kazakhstan
KEN,Kenya,Republic of Kenya
KIR,Kiribati,Republic of Kiribati
PRK,North Korea,Democratic People's Republic of Korea	D.P.R.K.	DPRK
KOR,South Korea,Republic of Korea	R.O.K.	ROK
=,Kosovo,Republic of Kosovo
KWT,Kuwait,State of Kuwait
KGZ,Kyrgyzstan,Kyrgyz Republic	Kirghizia	Kirgizstan
LAO,Laos,Lao People's Democratic Republic
LVA,Latvia,Republic of Latvia	Latvijas Republika
LBN,Lebanon,The Lebanese Republic
LSO,Lesotho,Kingdom of Lesotho
LBR,Liberia,Republic of Liberia
LBY,Libya,State of Libya
LIE,Liechtenstein,Principality of Liechtenstein	Fürstentum Liechtenstein
LTU,Lithuania,Republic of Lithuania
LUX,Luxembourg,Grand Duchy of Luxembourg	Lëtzebuerg
MDG,Madagascar,Republic of Madagascar	Madagasikara
MWI,Malawi,Republic of Malawi
MYS,Malaysia,Malaysia
MDV,Maldives,Republic of Maldives
MLI,Mali,Republic of Mali	République du Mali
MLT,Malta,Republic of Malta
MHL,Marshall Islands,Republic of the Marshall Islands
MRT,Mauritania,Islamic Republic of Mauritania	République Islamique de Mauritanie
MUS,Mauritius,Republic of Mauritius	République de Maurice
MEX,Mexico,United Mexican States
FSM,Micronesia,Federated States of Micronesia
MDA,Moldova,Republic of Moldova	Moldavia	Moldau
MCO,Monaco,Principality of Monaco
MNG,Mongolia,Mongolia
MNE,Montenegro,Montenegro
MAR,Morocco,Kingdom of Morocco
MOZ,Mozambique,Republic of Mozambique
MMR,Myanmar,Republic of the Union of Myanmar
NAM,Namibia,Republic of Namibia
NRU,Nauru,Republic of Nauru
NPL,Nepal,Federal Democratic Republic Of Nepal
NLD,Netherlands,Kingdom of the Netherlands	Koninkrijk der Nederlanden	The Netherlands
NZL,New Zealand,New Zealand
NIC,Nicaragua,Republic of Nicaragua
NER,Niger,Republic of the Niger
NGA,Nigeria,Federal Republic of Nigeria
MKD,North Macedonia,Republic of North Macedonia
NOR,Norway,Kingdom of Norway
OMN,Oman,Sultanate of Oman
PAK,Pakistan,Islamic Republic of Pakistan
PLW,Palau,Republic of Palau
PSE,Palestine,State of Palestine
PAN,Panama,Republic of Panama	República de Panamá
PNG,Papua New Guinea,Independent State of Papua New Guinea
PRY,Paraguay,Republic of Paraguay	República del Paraguay
PER,Peru,Republic of Peru	República del Perú
PHL,Philippines,Republic of the Philippines
POL,Poland,Republic of Poland	Polska
PRT,Portugal,Portuguese Republic
PRI,Puerto Rico,Commonwealth of Puerto Rico
QAT,Qatar,State of Qatar
COG,Republic of the Congo,Congo
ROU,Romania,Romania
RUS,Russia,Russian Federation
RWA,Rwanda,Rwandese Republic	Ruanda
LCA,Saint Lucia,Saint Lucia	Sainte-Lucie
KNA,Saint Kitts and Nevis,Federation of Saint Christopher and Nevis
VCT,Saint Vincent and the Grenadines,Saint Vincent and the Grenadines
STP,São Tomé and Príncipe,Democratic Republic of São Tomé and Príncipe	República Democrática de São Tomé e Príncipe
WSM,Samoa,Independent State of Samoa
SMR,San Marino,Republic of San Marino	Repubblica di San Marino
SAU,Saudi Arabia,Kingdom of Saudi Arabia	KSA
SEN,Senegal,Republic of Senegal	République du Sénégal
SRB,Serbia,Republic of Serbia
SYC,Seychelles,Republic of Seychelles	République des Seychelles
SLE,Sierra Leone,Republic of Sierra Leone
SGP,Singapore,Republic of Singapore
SVK,Slovakia,Slovak Republic
SVN,Slovenia,Republic of Slovenia	Republika Slovenija
SLB,Solomon Islands,Solomon Islands	The Solomons
SOM,Somalia,Federal Republic of Somalia
ZAF,South Africa,Republic of South Africa
SSD,South Sudan,Republic of South Sudan
ESP,Spain,Kingdom of Spain	España
LKA,Sri Lanka,Democratic Socialist Republic of Sri Lanka
SDN,Sudan,Republic of the Sudan
SUR,Suriname,Republic of Suriname
SWE,Sweden,Kingdom of Sweden	Sverige
CHE,Switzerland,Swiss Confederation	Schweiz
SYR,Syria,Syrian Arab Republic
TWN,Taiwan,Republic of China
TJK,Tajikistan,Republic of Tajikistan
TZA,Tanzania,United Republic of Tanzania
TGO,Togo,Togolese Republic	République togolaise
TON,Tonga,Kingdom of Tonga
THA,Thailand,Kingdom of Thailand
=,Transnistria,Pridnestrovie
TTO,Trinidad and Tobago,Republic of Trinidad and Tobago
TUN,Tunisia,Republic of Tunisia
TUR,Turkey,Republic of Turkey	Türkiye Cumhuriyeti	Türkiye
TKM,Turkmenistan,Turkmenistan	Turkmenia
TUV,Tuvalu,Tuvalu
UGA,Uganda,Republic of Uganda
UKR,Ukraine,Ukraine
ARE,United Arab Emirates,United Arab Emirates	UAE	U.A.E.	The Emirates
GBR,United Kingdom,United Kingdom of Great Britain and Northern Ireland	Great Britain	UK	U.K.
USA,United States,United States of America	US	U.S.	USA	Usa	U.S.A.
URY,Uruguay,Oriental Republic of Uruguay
UZB,Uzbekistan,Republic of Uzbekistan
VUT,Vanuatu,Republic of Vanuatu
VAT,Vatican City,Vatican City State	Status Civitatis Vaticanae
VEN,Venezuela,Bolivarian Republic of Venezuela	República Bolivariana de Venezuela	Estado de Venezuela
VNM,Vietnam,Socialist Republic of Vietnam
ESH,Western Sahara,Sahrawi Arab Democratic Republic
YEM,Yemen,Republic of Yemen
ZMB,Zambia,Republic of Zambia
ZWE,Zimbabwe,Republic of Zimbabwe
